Workbook

Sheet Instruções
A1: PROTOCOLO DE ENSAIO DE ESTANQUEIDADE — LINHA POTE ALTO COM TRAVAS
A2: Nitron · Desenvolvimento de Produtos · versão 1.0 — 06/09/2026
B5: POR QUE ESTE ENSAIO EXISTE
B6: A Nitron já imprime "POTE HERMÉTICO" em quatro etiquetas BOPP ativas, compradas em 01/04/2026,
B7: para as refs 151, 154, 155 e 156. Não há nenhum ensaio documentado no ERP que sustente a alegação.
B8: O art. 36 do CDC exige que os dados técnicos que sustentam a alegação estejam em poder do fornecedor.
B10: Este protocolo mede o PRODUTO ATUAL, como sai da linha hoje, sem nenhuma modificação.
B12: Exposição das 4 referências: R$ 822.629 em 12 meses, de 562 a 971 clientes cada.
B14: OS TRÊS DESFECHOS
B15: 1. Passa em tudo → o claim impresso ganha lastro documental. Arquivar esta planilha assinada.
B16: 2. Passa no E1 e falha no E2 → trocar a arte para "NÃO VAZA" na próxima tiragem de etiqueta.
B17: 3. Falha no E1 → problema de conformidade corrente. Escalar para Qualidade/Regulatório hoje.
B19: MATERIAL NECESSÁRIO
B20: Balança de precisão 0,01 g · estufa regulável a 40 °C · paquímetro · dinamômetro de gancho 0–100 N
... B33: LEGENDA
C35: célula a preencher na bancada
C36: veredito calculado — não digitar, a planilha preenche
B38: Responsável pelo ensaio:
B39: Data de início:
B40: Assinatura:

Sheet Amostras
A1: IDENTIFICAÇÃO DAS AMOSTRAS
A2: Preencher ANTES de começar. Cada linha é um conjunto corpo+tampa. CTRL = controle negativo, uma trava aberta de propósito.
A4: ID amostra | B4: Referência | C4: Produto | D4: Etiqueta | E4: Lote | F4: Data injeção | G4: Cavidade | H4: Cor | I4: Tipo
A5: 151-01 | B5: 151.012.001 | C5: Alto 4,3 L | D5: 1535 | E5: L2609-A | F5: 01/09/2026 | G5: 1 | H5: transparente | I5: ensaio | J5: ← linha de exemplo: apague e preencha com o dado real
A6: 151-02 | B6: 151.012.001 | C6: Alto 4,3 L | D6: 1535 | I6: ensaio
A7: 151-03 | B7: 151.012.001 | C7: Alto 4,3 L | D7: 1535 | I7: ensaio
A8: 151-04 | B8: 151.012.001 | C8: Alto 4,3 L | D8: 1535 | I8: ensaio
A9: 151-05 | B9: 151.012.001 | C9: Alto 4,3 L | D9: 1535 | I9: ensaio
A10: 151-06 | B10: 151.012.001 | C10: Alto 4,3 L | D10: 1535 | I10: ensaio
A11: 151-07 | B11: 151.012.001 | C11: Alto 4,3 L | D11: 1535 | I11: ensaio
A12: 151-08 | B12: 151.012.001 | C12: Alto 4,3 L | D12: 1535 | I12: ensaio
A13: 151-09 | B13: 151.012.001 | C13: Alto 4,3 L | D13: 1535 | I13: ensaio
A14: 151-10 | B14: 151.012.001 | C14: Alto 4,3 L | D14: 1535 | I14: ensaio
A15: 151-11 | B15: 151.012.001 | C15: Alto 4,3 L | D15: 1535 | I15: CTRL
A16: 151-12 | B16: 151.012.001 | C16: Alto 4,3 L | D16: 1535 | I16: CTRL
A17: 154-01 | B17: 154.012.001 | C17: Alto 460 ml | D17: 1070 | I17: ensaio
... A52: 156-12 | B52: 156.012.001 | C52: Alto 2,2 L | D52: 1068 | I52: CTRL

Sheet E1-Vazamento
A1: ENSAIO 1 — VAZAMENTO DE LÍQUIDO (24 h)
A2: Encher 80% com água + corante. Fechar e travar. Pesar. 30 min invertido · 30 min deitado · 24 h invertido. Repesar. APROVA se papel limpo E perda < 0,10 g.
A4: ID amostra | B4: Tipo | C4: Massa inicial (g) | D4: Massa 24 h (g) | E4: Perda (g) | F4: Papel-toalha | G4: Gota visível? | H4: VEREDITO | I4: Observação
A5: 151-01 | B5: ensaio | E5: =IF(OR(C5="",D5=""),"",ROUND(C5-D5,2)) | H5: =IF(OR(C5="",D5="",F5="",G5=""),"",IF(AND(E5<0.1,F5="LIMPO",G5="NÃO"),"APROVADO","REPROVADO"))
A6: 151-02 | B6: ensaio | E6: =IF(OR(C6="",D6=""),"",ROUND(C6-D6,2)) | H6: =IF(OR(C6="",D6="",F6="",G6=""),"",IF(AND(E6<0.1,F6="LIMPO",G6="NÃO"),"APROVADO","REPROVADO"))
A7: 151-03 | B7: ensaio | E7: =IF(OR(C7="",D7=""),"",ROUND(C7-D7,2)) | H7: =IF(OR(C7="",D7="",F7="",G7=""),"",IF(AND(E7<0.1,F7="LIMPO",G7="NÃO"),"APROVADO","REPROVADO"))
A8: 151-04 | B8: ensaio | E8: =IF(OR(C8="",D8=""),"",ROUND(C8-D8,2)) | H8: =IF(OR(C8="",D8="",F8="",G8=""),"",IF(AND(E8<0.1,F8="LIMPO",G8="NÃO"),"APROVADO","REPROVADO"))
A9: 151-05 | B9: ensaio | E9: =IF(OR(C9="",D9=""),"",ROUND(C9-D9,2)) | H9: =IF(OR(C9="",D9="",F9="",G9=""),"",IF(AND(E9<0.1,F9="LIMPO",G9="NÃO"),"APROVADO","REPROVADO"))
A10: 151-06 | B10: ensaio | E10: =IF(OR(C10="",D10=""),"",ROUND(C10-D10,2)) | H10: =IF(OR(C10="",D10="",F10="",G10=""),"",IF(AND(E10<0.1,F10="LIMPO",G10="NÃO"),"APROVADO","REPROVADO"))
A11: 151-07 | B11: ensaio | E11: =IF(OR(C11="",D11=""),"",ROUND(C11-D11,2)) | H11: =IF(OR(C11="",D11="",F11="",G11=""),"",IF(AND(E11<0.1,F11="LIMPO",G11="NÃO"),"APROVADO","REPROVADO"))
A12: 151-08 | B12: ensaio | E12: =IF(OR(C12="",D12=""),"",ROUND(C12-D12,2)) | H12: =IF(OR(C12="",D12="",F12="",G12=""),"",IF(AND(E12<0.1,F12="LIMPO",G12="NÃO"),"APROVADO","REPROVADO"))
A13: 151-09 | B13: ensaio | E13: =IF(OR(C13="",D13=""),"",ROUND(C13-D13,2)) | H13: =IF(OR(C13="",D13="",F13="",G13=""),"",IF(AND(E13<0.1,F13="LIMPO",G13="NÃO"),"APROVADO","REPROVADO"))
A14: 151-10 | B14: ensaio | E14: =IF(OR(C14="",D14=""),"",ROUND(C14-D14,2)) | H14: =IF(OR(C14="",D14="",F14="",G14=""),"",IF(AND(E14<0.1,F14="LIMPO",G14="NÃO"),"APROVADO","REPROVADO"))
A15: 151-11 | B15: CTRL | E15: =IF(OR(C15="",D15=""),"",ROUND(C15-D15,2)) | H15: =IF(OR(C15="",D15="",F15="",G15=""),"",IF(AND(E15<0.1,F15="LIMPO",G15="NÃO"),"APROVADO","REPROVADO"))
A16: 151-12 | B16: CTRL | E16: =IF(OR(C16="",D16=""),"",ROUND(C16-D16,2)) | H16: =IF(OR(C16="",D16="",F16="",G16=""),"",IF(AND(E16<0.1,F16="LIMPO",G16="NÃO"),"APROVADO","REPROVADO"))
... A52: 156-12 | B52: CTRL | E52: =IF(OR(C52="",D52=""),"",ROUND(C52-D52,2)) | H52: =IF(OR(C52="",D52="",F52="",G52=""),"",IF(AND(E52<0.1,F52="LIMPO",G52="NÃO"),"APROVADO","REPROVADO"))
A54: VALIDAÇÃO DO MÉTODO
A55: Controles negativos que vazaram: | D55: =COUNTIFS(B5:B52,"CTRL",H5:H52,"REPROVADO")
A56: Controles negativos no total: | D56: =COUNTIF(B5:B52,"CTRL")
A57: Método é válido? | D57: =IF(D56=0,"",IF(D55=D56,"SIM — método detecta vazamento","NÃO — CONTROLE NEGATIVO NÃO VAZOU. RESULTADO INVÁLIDO, REFAZER"))
A59: Amostras de ensaio aprovadas: | D59: =COUNTIFS(B5:B52,"ensaio",H5:H52,"APROVADO")
A60: Amostras de ensaio avaliadas: | D60: =COUNTIFS(B5:B52,"ensaio",H5:H52,"APROVADO")+COUNTIFS(B5:B52,"ensaio",H5:H52,"REPROVADO")
A61: Taxa de aprovação: | D61: =IF(D60=0,"",D59/D60)

Sheet E2-Vapor 7d
A1: ENSAIO 2 — TRANSFERÊNCIA DE VAPOR (7 dias, 40 °C)
A2: 200 g de água, pote fechado, estufa a 40 °C. Pesar todo dia. É este ensaio que separa "não vaza" de "hermético". APROVA se a perda acumulada for ≤ 2× a da referência selada da mesma litragem.
A4: ID amostra | B4: Referência | C4: Tipo | D4: Dia 0 (g) | E4: Dia 1 (g) | F4: Dia 2 (g) | G4: Dia 3 (g) | H4: Dia 4 (g) | I4: Dia 5 (g) | J4: Dia 6 (g) | K4: Dia 7 (g) | L4: Perda 7d (g)
A5: 151-01 | B5: 151.012.001 | C5: ensaio | L5: =IF(OR(D5="",K5=""),"",ROUND(D5-K5,2))
A6: 151-02 | B6: 151.012.001 | C6: ensaio | L6: =IF(OR(D6="",K6=""),"",ROUND(D6-K6,2))
A7: 151-03 | B7: 151.012.001 | C7: ensaio | L7: =IF(OR(D7="",K7=""),"",ROUND(D7-K7,2))
A8: 151-REF | B8: 151.012.001 | C8: SELADA | L8: =IF(OR(D8="",K8=""),"",ROUND(D8-K8,2))
A9: 154-01 | B9: 154.012.001 | C9: ensaio | L9: =IF(OR(D9="",K9=""),"",ROUND(D9-K9,2))
A10: 154-02 | B10: 154.012.001 | C10: ensaio | L10: =IF(OR(D10="",K10=""),"",ROUND(D10-K10,2))
A11: 154-03 | B11: 154.012.001 | C11: ensaio | L11: =IF(OR(D11="",K11=""),"",ROUND(D11-K11,2))
A12: 154-REF | B12: 154.012.001 | C12: SELADA | L12: =IF(OR(D12="",K12=""),"",ROUND(D12-K12,2))
A13: 155-01 | B13: 155.012.001 | C13: ensaio | L13: =IF(OR(D13="",K13=""),"",ROUND(D13-K13,2))
A14: 155-02 | B14: 155.012.001 | C14: ensaio | L14: =IF(OR(D14="",K14=""),"",ROUND(D14-K14,2))
A15: 155-03 | B15: 155.012.001 | C15: ensaio | L15: =IF(OR(D15="",K15=""),"",ROUND(D15-K15,2))
A16: 155-REF | B16: 155.012.001 | C16: SELADA | L16: =IF(OR(D16="",K16=""),"",ROUND(D16-K16,2))
... A20: 156-REF | B20: 156.012.001 | C20: SELADA | L20: =IF(OR(D20="",K20=""),"",ROUND(D20-K20,2))
A22: VEREDITO POR REFERÊNCIA — perda média do ensaio contra 2× a referência selada
A23: Referência | B23: Perda média (g) | C23: Referência selada (g) | D23: Limite 2× (g) | E23: VEREDITO
A24: 151 | B24: =IFERROR(ROUND(AVERAGE(L5:L7),2),"") | C24: =L8 | D24: =IF(C24="","",C24*2) | E24: =IF(OR(B24="",C24=""),"",IF(B24<=D24,"APROVADO — sustenta 'hermético'","REPROVADO — usar 'não vaza'"))
A25: 154 | B25: =IFERROR(ROUND(AVERAGE(L9:L11),2),"") | C25: =L12 | D25: =IF(C25="","",C25*2) | E25: =IF(OR(B25="",C25=""),"",IF(B25<=D25,"APROVADO — sustenta 'hermético'","REPROVADO — usar 'não vaza'"))
A26: 155 | B26: =IFERROR(ROUND(AVERAGE(L13:L15),2),"") | C26: =L16 | D26: =IF(C26="","",C26*2) | E26: =IF(OR(B26="",C26=""),"",IF(B26<=D26,"APROVADO — sustenta 'hermético'","REPROVADO — usar 'não vaza'"))
A27: 156 | B27: =IFERROR(ROUND(AVERAGE(L17:L19),2),"") | C27: =L20 | D27: =IF(C27="","",C27*2) | E27: =IF(OR(B27="",C27=""),"",IF(B27<=D27,"APROVADO — sustenta 'hermético'","REPROVADO — usar 'não vaza'"))

Sheet Travas
A1: MEDIÇÃO DA TRAVA — curso livre e a tesoura abrir/vedar
A2: A medição mais importante do protocolo. Mede com e sem perfil de vedação colado (dupla-face). Se a força de ABRIR sobe muito, qualquer projeto de gaxeta está reprovado por uso — e provavelmente explica a queda de 176 e 210.
A4: ID amostra | B4: Nº de travas | C4: Posição das travas | D4: Curso livre (mm) | E4: Perfil colado (mm) | F4: Força FECHAR (N) | G4: Força ABRIR (N) | H4: Δ abrir vs. sem perfil | I4: Trava deformou? | J4: Observação
A5: 151.012.001 — Alto 4,3 L
A6: 151-01 | E6: sem perfil (0 mm) | H6: — referência
A7: 151-01 | E7: perfil 1,0 mm | H7: =IF(OR(G7="",G6=""),"",G7-G6)
A8: 151-01 | E8: perfil 1,5 mm | H8: =IF(OR(G8="",G6=""),"",G8-G6)
A9: 151-01 | E9: perfil 2,0 mm | H9: =IF(OR(G9="",G6=""),"",G9-G6)
A11: 154.012.001 — Alto 460 ml
A12: 154-01 | E12: sem perfil (0 mm) | H12: — referência
A13: 154-01 | E13: perfil 1,0 mm | H13: =IF(OR(G13="",G12=""),"",G13-G12)
A14: 154-01 | E14: perfil 1,5 mm | H14: =IF(OR(G14="",G12=""),"",G14-G12)
A15: 154-01 | E15: perfil 2,0 mm | H15: =IF(OR(G15="",G12=""),"",G15-G12)
A17: 155.012.001 — Alto 850 ml
A18: 155-01 | E18: sem perfil (0 mm) | H18: — referência
A19: 155-01 | E19: perfil 1,0 mm | H19: =IF(OR(G19="",G18=""),"",G19-G18)
A20: 155-01 | E20: perfil 1,5 mm | H20: =IF(OR(G20="",G18=""),"",G20-G18)
A21: 155-01 | E21: perfil 2,0 mm | H21: =IF(OR(G21="",G18=""),"",G21-G18)
A23: 156.012.001 — Alto 2,2 L
A24: 156-01 | E24: sem perfil (0 mm) | H24: — referência
A25: 156-01 | E25: perfil 1,0 mm | H25: =IF(OR(G25="",G24=""),"",G25-G24)
A26: 156-01 | E26: perfil 1,5 mm | H26: =IF(OR(G26="",G24=""),"",G26-G24)
A27: 156-01 | E27: perfil 2,0 mm | H27: =IF(OR(G27="",G24=""),"",G27-G24)
A30: LEITURA
A31: O concorrente que veda bem (Plasútil porta-frios) tem 32,3% das suas avaliações negativas sobre "abrir duro" e "trava quebrou".
A32: Se a coluna H subir de forma relevante já em 1,0 mm, a rota da gaxeta empurra o produto para esse modo de falha.
A33: Anotar em Observação qualquer estalo, empenamento da tampa ou folga no meio do vão entre travas.

Sheet E3-E4-E5 Durabilidade
A1: ENSAIOS 3, 4 e 5 — CICLAGEM, LAVA-LOUÇAS E FLUÊNCIA
A2: Rodar somente depois de E1 concluído. Cada ensaio termina repetindo o E1 na mesma amostra.
A4: ENSAIO 3 — 200 ciclos de abre-fecha · APROVA se mantém aprovação no E1
A5: ID amostra | B5: Ciclos concluídos | C5: Trava íntegra? | D5: Reteste E1: papel | E5: Reteste E1: perda (g) | F5: VEREDITO | G5: Observação
A6: 151-01 | F6: =IF(OR(B6="",E6=""),"",IF(AND(B6>=200,C6="SIM",D6="LIMPO",E6<0.1),"APROVADO","REPROVADO"))
A7: 151-02 | F7: =IF(OR(B7="",E7=""),"",IF(AND(B7>=200,C7="SIM",D7="LIMPO",E7<0.1),"APROVADO","REPROVADO"))
A8: 151-03 | F8: =IF(OR(B8="",E8=""),"",IF(AND(B8>=200,C8="SIM",D8="LIMPO",E8<0.1),"APROVADO","REPROVADO"))
A9: 154-01 | F9: =IF(OR(B9="",E9=""),"",IF(AND(B9>=200,C9="SIM",D9="LIMPO",E9<0.1),"APROVADO","REPROVADO"))
A10: 154-02 | F10: =IF(OR(B10="",E10=""),"",IF(AND(B10>=200,C10="SIM",D10="LIMPO",E10<0.1),"APROVADO","REPROVADO"))
A11: 154-03 | F11: =IF(OR(B11="",E11=""),"",IF(AND(B11>=200,C11="SIM",D11="LIMPO",E11<0.1),"APROVADO","REPROVADO"))
A12: 155-01 | F12: =IF(OR(B12="",E12=""),"",IF(AND(B12>=200,C12="SIM",D12="LIMPO",E12<0.1),"APROVADO","REPROVADO"))
A13: 155-02 | F13: =IF(OR(B13="",E13=""),"",IF(AND(B13>=200,C13="SIM",D13="LIMPO",E13<0.1),"APROVADO","REPROVADO"))
A14: 155-03 | F14: =IF(OR(B14="",E14=""),"",IF(AND(B14>=200,C14="SIM",D14="LIMPO",E14<0.1),"APROVADO","REPROVADO"))
A15: 156-01 | F15: =IF(OR(B15="",E15=""),"",IF(AND(B15>=200,C15="SIM",D15="LIMPO",E15<0.1),"APROVADO","REPROVADO"))
A16: 156-02 | F16: =IF(OR(B16="",E16=""),"",IF(AND(B16>=200,C16="SIM",D16="LIMPO",E16<0.1),"APROVADO","REPROVADO"))
A17: 156-03 | F17: =IF(OR(B17="",E17=""),"",IF(AND(B17>=200,C17="SIM",D17="LIMPO",E17<0.1),"APROVADO","REPROVADO"))
A20: ENSAIO 4 — 20 ciclos de lava-louças 60–65 °C · APROVA se mantém E1 e sem deformação
A21: ID amostra | B21: Ciclos concluídos | C21: Deformou? | D21: Manchou / pegajoso? | E21: Reteste E1: perda (g) | F21: VEREDITO | G21: Observação
A22: 151-01 | F22: =IF(OR(B22="",E22=""),"",IF(AND(B22>=20,C22="NÃO",D22="NÃO",E22<0.1),"APROVADO","REPROVADO"))
A23: 151-02 | F23: =IF(OR(B23="",E23=""),"",IF(AND(B23>=20,C23="NÃO",D23="NÃO",E23<0.1),"APROVADO","REPROVADO"))
A24: 151-03 | F24: =IF(OR(B24="",E24=""),"",IF(AND(B24>=20,C24="NÃO",D24="NÃO",E24<0.1),"APROVADO","REPROVADO"))
A25: 154-01 | F25: =IF(OR(B25="",E25=""),"",IF(AND(B25>=20,C25="NÃO",D25="NÃO",E25<0.1),"APROVADO","REPROVADO"))
A26: 154-02 | F26: =IF(OR(B26="",E26=""),"",IF(AND(B26>=20,C26="NÃO",D26="NÃO",E26<0.1),"APROVADO","REPROVADO"))
A27: 154-03 | F27: =IF(OR(B27="",E27=""),"",IF(AND(B27>=20,C27="NÃO",D27="NÃO",E27<0.1),"APROVADO","REPROVADO"))
A28: 155-01 | F28: =IF(OR(B28="",E28=""),"",IF(AND(B28>=20,C28="NÃO",D28="NÃO",E28<0.1),"APROVADO","REPROVADO"))
A29: 155-02 | F29: =IF(OR(B29="",E29=""),"",IF(AND(B29>=20,C29="NÃO",D29="NÃO",E29<0.1),"APROVADO","REPROVADO"))
A30: 155-03 | F30: =IF(OR(B30="",E30=""),"",IF(AND(B30>=20,C30="NÃO",D30="NÃO",E30<0.1),"APROVADO","REPROVADO"))
A31: 156-01 | F31: =IF(OR(B31="",E31=""),"",IF(AND(B31>=20,C31="NÃO",D31="NÃO",E31<0.1),"APROVADO","REPROVADO"))
A32: 156-02 | F32: =IF(OR(B32="",E32=""),"",IF(AND(B32>=20,C32="NÃO",D32="NÃO",E32<0.1),"APROVADO","REPROVADO"))
A33: 156-03 | F33: =IF(OR(B33="",E33=""),"",IF(AND(B33>=20,C33="NÃO",D33="NÃO",E33<0.1),"APROVADO","REPROVADO"))
A36: ENSAIO 5 — 30 dias fechado sob trava, 40 °C, cheio · APROVA se mantém E1 e força de abrir estável
A37: ID amostra | B37: Dias concluídos | C37: Força abrir dia 0 (N) | D37: Força abrir dia 30 (N) | E37: Reteste E1: perda (g) | F37: VEREDITO | G37: Observação
A38: 151-01 | F38: =IF(OR(B38="",E38="",D38=""),"",IF(AND(B38>=30,E38<0.1,D38<=C38*1.25),"APROVADO","REPROVADO"))
A39: 151-02 | F39: =IF(OR(B39="",E39="",D39=""),"",IF(AND(B39>=30,E39<0.1,D39<=C39*1.25),"APROVADO","REPROVADO"))
A40: 154-01 | F40: =IF(OR(B40="",E40="",D40=""),"",IF(AND(B40>=30,E40<0.1,D40<=C40*1.25),"APROVADO","REPROVADO"))
A41: 154-02 | F41: =IF(OR(B41="",E41="",D41=""),"",IF(AND(B41>=30,E41<0.1,D41<=C41*1.25),"APROVADO","REPROVADO"))
A42: 155-01 | F42: =IF(OR(B42="",E42="",D42=""),"",IF(AND(B42>=30,E42<0.1,D42<=C42*1.25),"APROVADO","REPROVADO"))
A43: 155-02 | F43: =IF(OR(B43="",E43="",D43=""),"",IF(AND(B43>=30,E43<0.1,D43<=C43*1.25),"APROVADO","REPROVADO"))
A44: 156-01 | F44: =IF(OR(B44="",E44="",D44=""),"",IF(AND(B44>=30,E44<0.1,D44<=C44*1.25),"APROVADO","REPROVADO"))
A45: 156-02 | F45: =IF(OR(B45="",E45="",D45=""),"",IF(AND(B45>=30,E45<0.1,D45<=C45*1.25),"APROVADO","REPROVADO"))

Sheet Resumo
A1: RESUMO — o que este ensaio decide
A2: Preenche sozinho conforme as abas são completadas. Imprimir, assinar e arquivar: é este documento que o art. 36 do CDC pede que exista.
A4: Referência | B4: Produto | C4: Etiqueta | D4: Clientes 12 M | E4: Fat. 12 M (R$) | F4: E1 aprovados / avaliados | G4: E2 — vapor
A5: 151.012.001 | B5: Alto 4,3 L | C5: 1535 | D5: 562 | E5: 214920 | F5: =COUNTIFS('E1-Vazamento'!$B$5:$B$16,"ensaio",'E1-Vazamento'!$H$5:$H$16,"APROVADO")&" / "&(COUNTIFS('E1-Vazamento'!$B$5:$B$16,"ensaio",'E1-Vazamento'!$H$5:$H$16,"APROVADO")+COUNTIFS('E1-Vazamento'!$B$5:$B$16,"ensaio",'E1-Vazamento'!$H$5:$H$16,"REPROVADO")) | G5: ='E2-Vapor 7d'!$E$24
A6: 154.012.001 | B6: Alto 460 ml | C6: 1070 | D6: 836 | E6: 103568 | F6: =COUNTIFS('E1-Vazamento'!$B$17:$B$28,"ensaio",'E1-Vazamento'!$H$17:$H$28,"APROVADO")&" / "&(COUNTIFS('E1-Vazamento'!$B$17:$B$28,"ensaio",'E1-Vazamento'!$H$17:$H$28,"APROVADO")+COUNTIFS('E1-Vazamento'!$B$17:$B$28,"ensaio",'E1-Vazamento'!$H$17:$H$28,"REPROVADO")) | G6: ='E2-Vapor 7d'!$E$25
A7: 155.012.001 | B7: Alto 850 ml | C7: 1069 | D7: 971 | E7: 227505 | F7: =COUNTIFS('E1-Vazamento'!$B$29:$B$40,"ensaio",'E1-Vazamento'!$H$29:$H$40,"APROVADO")&" / "&(COUNTIFS('E1-Vazamento'!$B$29:$B$40,"ensaio",'E1-Vazamento'!$H$29:$H$40,"APROVADO")+COUNTIFS('E1-Vazamento'!$B$29:$B$40,"ensaio",'E1-Vazamento'!$H$29:$H$40,"REPROVADO")) | G7: ='E2-Vapor 7d'!$E$26
A8: 156.012.001 | B8: Alto 2,2 L | C8: 1068 | D8: 951 | E8: 276635 | F8: =COUNTIFS('E1-Vazamento'!$B$41:$B$52,"ensaio",'E1-Vazamento'!$H$41:$H$52,"APROVADO")&" / "&(COUNTIFS('E1-Vazamento'!$B$41:$B$52,"ensaio",'E1-Vazamento'!$H$41:$H$52,"APROVADO")+COUNTIFS('E1-Vazamento'!$B$41:$B$52,"ensaio",'E1-Vazamento'!$H$41:$H$52,"REPROVADO")) | G8: ='E2-Vapor 7d'!$E$27
A9: TOTAL | D9: =SUM(D5:D8) | E9: =SUM(E5:E8)
A12: DECISÃO
A13: Todas aprovadas em E1 e E2 → o claim "HERMÉTICO" está sustentado. Arquivar esta planilha assinada. O projeto de gaxeta perde a justificativa.
A14: Aprovadas em E1, reprovadas em E2 → trocar a arte para "NÃO VAZA" na próxima tiragem normal de etiqueta. Não recolher BOPP já comprado.
A15: Alguma reprovada em E1 → conformidade corrente. Escalar hoje para Qualidade/Regulatório. Não é assunto de desenvolvimento de produto.
A17: Se o CONTROLE NEGATIVO não vazou no E1, nada acima vale — o método não detecta vazamento. Refazer.
A20: Responsável pelo ensaio:
A22: Data de conclusão:
A24: Assinatura:
A26: Visto — Qualidade:
