Workbook

Sheet Kit
A1: Nitron Mob PDV — o kit enxuto
A2: Seis peças. Um painel, três ripas, dois conectores. Todo módulo da loja sai daqui — sem cruzeta, sem peça L, sem porta-haste.
A4: Peça | B4: Código / PI | C4: Medida | D4: Massa unit. (kg) | E4: Custo unit. (R$) | F4: Origem do custo
A5: Painel de prateleira | B5: novo · pinus 15 mm | C5: 300 × 754 mm | D5: 1.8865 | E5: 35.9002 | F5: pinus a R$ 19.03/kg (caderno)
A6: Ripa de largura | B6: BLA-03-AC | C6: 287 mm | D6: 0.0649 | E6: 1.2359 | F6: PI existente
A7: Ripa de comprimento | B7: PSC-04 | C7: 717 mm | D7: 0.1622 | E7: 3.0875 | F7: PI existente
A8: Ripa vertical (baia) | B8: BAL-02-AC | C8: 270 mm | D8: 0.0611 | E8: 1.1626 | F8: PI existente
A9: Pé | B9: — | C9: 60 mm | D9: 0.0136 | E9: 0.2584 | F9: sobra de ripa
A10: Trizeta | B10: PP · molde existente | C10: 61,61 × 83,23 × 73,08 | D10: 0.0443 | E10: 0.3875 | F10: caderno: 44.3 g de PP
A11: Tampa | B11: PP · molde existente | C11: — | D11: 0.0011 | E11: 0.0097 | F11: caderno: 1.1 g de PP
A13: O que SAI do sistema e por quê
A14: Cruzeta | B14: 4 injetadas contra centenas necessárias. Módulos de um vão encostados dispensam poste compartilhado — custa 7% a mais em madeira e trizeta e zera a dependência do molde.
A15: Painéis de 200 e 460 | B15: uma profundidade só. 372 mm cobre 82% dos SKUs do catálogo e 75% do faturamento em prateleira; o resto (lixeira, cesto, caixa grande) vai para o tampo do módulo baixo ou para o piso — onde já fica em qualquer loja.
A16: Ripas PSC-01/02/03 | B16: um vão só, o maior: menos postes, menos trizetas e menos painéis por metro. As paredes do showroom fecham com folga de 28 a 476 mm.
A17: Ripa PSA-05 (513) | B17: uma baia só. Produto acima de 247 mm de altura não vai em prateleira — vai no tampo do módulo baixo (878 mm, sem teto).
A18: Peça L e porta-haste | B18: sem coroa e sem gancheira nesta fase. A testeira sobe em haste comum fixada na tampa do poste.

Sheet Modulos
A1: Os dois módulos
A2: Um vão de PSC-04, painel 300 × 754, baias de 270. ALTO para parede, BAIXO para o miolo. Contagem e custo são fórmulas sobre a aba Kit.
B4: ALTO · 270 × 6 | C4: BAIXO · 270 × 3 | D4: fórmula
A5: baias | B5: 6 | C5: 3
A6: prateleiras | B6: =B5+1 -> 7 | C6: =C5+1 -> 4 | D6: baias + 1
A7: comprimento externo (mm) | B7: =2*Parametros!$C$6+717-Parametros!$C$13 -> 759.02 | C7: =2*Parametros!$C$6+717-Parametros!$C$13 -> 759.02 | D7: 2×NOX + ripa − CONSOME
A8: profundidade externa (mm) | B8: =287+2*(Parametros!$C$8-Parametros!$C$5) -> 372.26 | C8: =287+2*(Parametros!$C$8-Parametros!$C$5) -> 372.26 | D8: ripa + 2×(NOY − ENC)
A9: altura externa (mm) | B9: =Parametros!$C$11+(B5+1)*Parametros!$C$9+B5*(270-Parametros!$C$13) -> 1663.76 | C9: =Parametros!$C$11+(C5+1)*Parametros!$C$9+C5*(270-Parametros!$C$13) -> 878.12 | D9: PE + (baias+1)×NOZ + baias×(270 − CONSOME)
A10: face da última prateleira (mm) | B10: =Parametros!$C$11+(B5+1)*Parametros!$C$9+B5*(270-Parametros!$C$13)+Parametros!$C$12/2 -> 1671.26 | C10: =Parametros!$C$11+(C5+1)*Parametros!$C$9+C5*(270-Parametros!$C$13)+Parametros!$C$12/2 -> 885.62 | D10: topo do nó + painel/2
A11: trizetas | B11: =4*B6 -> 28 | C11: =4*C6 -> 16 | D11: 4 por nível
A12: tampas | B12: =4 -> 4 | C12: =4 -> 4 | D12: 1 por poste
A13: painéis | B13: =B6 -> 7 | C13: =C6 -> 4 | D13: 1 por prateleira
A14: ripas de comprimento | B14: =2*B6 -> 14 | C14: =2*C6 -> 8 | D14: frente e fundo por nível
A15: ripas de largura | B15: =2*B6 -> 14 | C15: =2*C6 -> 8 | D15: 2 por nível
A16: ripas verticais 270 | B16: =4*B5 -> 24 | C16: =4*C5 -> 12 | D16: 4 por baia
A17: pés | B17: =4 -> 4 | C17: =4 -> 4 | D17: 1 por poste
A18: massa (kg) | B18: =B11*Kit!$D$10+B12*Kit!$D$11+B13*Kit!$D$5+B14*Kit!$D$7+B15*Kit!$D$6+B16*Kit!$D$8+B17*Kit!$D$9 -> 19.1505 | C18: =C11*Kit!$D$10+C12*Kit!$D$11+C13*Kit!$D$5+C14*Kit!$D$7+C15*Kit!$D$6+C16*Kit!$D$8+C17*Kit!$D$9 -> 10.8636 | D18: Σ peças × massa
A19: custo material (R$) | B19: =B11*Kit!$E$10+B12*Kit!$E$11+B13*Kit!$E$5+B14*Kit!$E$7+B15*Kit!$E$6+B16*Kit!$E$8+B17*Kit!$E$9 -> 351.6538 | C19: =C11*Kit!$E$10+C12*Kit!$E$11+C13*Kit!$E$5+C14*Kit!$E$7+C15*Kit!$E$6+C16*Kit!$E$8+C17*Kit!$E$9 -> 199.4116 | D19: Σ peças × custo
A20: frente linear por módulo (m) | B20: =B7*B6/1000 -> 5.31314 | C20: =C7*C6/1000 -> 3.03608 | D20: comprimento × prateleiras
A21: razão altura ÷ profundidade | B21: =B9/B8 -> 4.4693494 | C21: =C9/C8 -> 2.3588889 | D21: acima de 3 pede ancoragem na parede
A23: Custo é só material (madeira a R$/kg do caderno + PP dos conectores). Não inclui corte, montagem, embalagem nem frete. Módulo contra parede não leva painel de fundo — a parede do prédio é o fundo.

Sheet Showroom
A1: O showroom só com os dois módulos
A2: Módulos encostados, poste ao lado de poste. Folga vai para o canto. Contagem e custo são fórmulas.
A4: Onde | B4: Corrida livre (mm) | C4: Módulo | D4: Quantidade | E4: Comprimento montado (mm) | F4: Folga (mm) | G4: Custo (R$) | H4: Frente (m)
A5: Paredão sul | B5: 13350 | C5: ALTO | D5: =INT(B5/Modulos!$B$7) -> 17 | E5: =D5*Modulos!$B$7 -> 12903.34 | F5: =B5-E5 -> 446.66 | G5: =D5*Modulos!$B$19 -> 5978.1146 | H5: =D5*Modulos!$B$20 -> 90.32338
A6: Paredão norte | B6: 6100 | C6: ALTO | D6: =INT(B6/Modulos!$B$7) -> 8 | E6: =D6*Modulos!$B$7 -> 6072.16 | F6: =B6-E6 -> 27.84 | G6: =D6*Modulos!$B$19 -> 2813.2304 | H6: =D6*Modulos!$B$20 -> 42.50512
A7: Paredão do fundo | B7: 6873 | C7: ALTO | D7: =INT(B7/Modulos!$B$7) -> 9 | E7: =D7*Modulos!$B$7 -> 6831.18 | F7: =B7-E7 -> 41.82 | G7: =D7*Modulos!$B$19 -> 3164.8842 | H7: =D7*Modulos!$B$20 -> 47.81826
A8: Parede de entrada | B8: 6548 | C8: ALTO | D8: =INT(B8/Modulos!$B$7) -> 8 | E8: =D8*Modulos!$B$7 -> 6072.16 | F8: =B8-E8 -> 475.84 | G8: =D8*Modulos!$B$19 -> 2813.2304 | H8: =D8*Modulos!$B$20 -> 42.50512
A9: Ilha 1 (2 × 2, costa a costa) | C9: BAIXO | D9: 4 | G9: =D9*Modulos!$C$19 -> 797.6464 | H9: =D9*Modulos!$C$20 -> 12.14432
A10: Ilha 2 (2 × 2, costa a costa) | C10: BAIXO | D10: 4 | G10: =D10*Modulos!$C$19 -> 797.6464 | H10: =D10*Modulos!$C$20 -> 12.14432
A11: Corredor de checkout (2 lados × 3) | C11: BAIXO | D11: 6 | G11: =D11*Modulos!$C$19 -> 1196.4696 | H11: =D11*Modulos!$C$20 -> 18.21648
A12: TOTAL | D12: =SUM(D5:D11) -> 56 | G12: =SUM(G5:G11) -> 17561.222 | H12: =SUM(H5:H11) -> 265.657
A14: Peças para comprar / injetar
A15: Peça | B15: Quantidade | C15: Massa total (kg) | D15: Custo total (R$)
A16: Trizeta | B16: =SUMIF($C$5:$C$11,"ALTO",$D$5:$D$11)*Modulos!$B$11+SUMIF($C$5:$C$11,"BAIXO",$D$5:$D$11)*Modulos!$C$11 -> 1400 | C16: =B16*Kit!$D$10 -> 62.02 | D16: =B16*Kit!$E$10 -> 542.5
A17: Tampa | B17: =SUMIF($C$5:$C$11,"ALTO",$D$5:$D$11)*Modulos!$B$12+SUMIF($C$5:$C$11,"BAIXO",$D$5:$D$11)*Modulos!$C$12 -> 224 | C17: =B17*Kit!$D$11 -> 0.2464 | D17: =B17*Kit!$E$11 -> 2.1728
A18: Painel 300 × 754 | B18: =SUMIF($C$5:$C$11,"ALTO",$D$5:$D$11)*Modulos!$B$13+SUMIF($C$5:$C$11,"BAIXO",$D$5:$D$11)*Modulos!$C$13 -> 350 | C18: =B18*Kit!$D$5 -> 660.275 | D18: =B18*Kit!$E$5 -> 12565.07
A19: Ripa PSC-04 (717) | B19: =SUMIF($C$5:$C$11,"ALTO",$D$5:$D$11)*Modulos!$B$14+SUMIF($C$5:$C$11,"BAIXO",$D$5:$D$11)*Modulos!$C$14 -> 700 | C19: =B19*Kit!$D$7 -> 113.54 | D19: =B19*Kit!$E$7 -> 2161.25
A20: Ripa BLA-03-AC (287) | B20: =SUMIF($C$5:$C$11,"ALTO",$D$5:$D$11)*Modulos!$B$15+SUMIF($C$5:$C$11,"BAIXO",$D$5:$D$11)*Modulos!$C$15 -> 700 | C20: =B20*Kit!$D$6 -> 45.43 | D20: =B20*Kit!$E$6 -> 865.13
A21: Ripa BAL-02-AC (270) | B21: =SUMIF($C$5:$C$11,"ALTO",$D$5:$D$11)*Modulos!$B$16+SUMIF($C$5:$C$11,"BAIXO",$D$5:$D$11)*Modulos!$C$16 -> 1176 | C21: =B21*Kit!$D$8 -> 71.8536 | D21: =B21*Kit!$E$8 -> 1367.2176
A22: Pé | B22: =SUMIF($C$5:$C$11,"ALTO",$D$5:$D$11)*Modulos!$B$17+SUMIF($C$5:$C$11,"BAIXO",$D$5:$D$11)*Modulos!$C$17 -> 224 | C22: =B22*Kit!$D$9 -> 3.0464 | D22: =B22*Kit!$E$9 -> 57.8816
A23: Cruzetas | B23: 0 | C23: ← era 716 na spec anterior
A25: Spec anterior (painel 460, postes compartilhados, com fundo): R$ 26.914 e 716 cruzetas só nas quatro paredes. Esta: veja o TOTAL acima, zero cruzetas, e cada módulo sai da caixa igual ao outro.

Sheet Parametros
A1: Cotas do sistema (mesmas da planilha 44 — em amarelo as que faltam conferir com trena)
A4: Parâmetro | B4: Símbolo | C4: Valor (mm)
A5: Encaixe | B5: ENC | C5: 40.6
A6: Trizeta · comprimento | B6: NOX | C6: 61.61
A7: Cruzeta · comprimento | B7: NOXC | C7: 101.3
A8: Trizeta · profundidade | B8: NOY | C8: 83.23
A9: Trizeta · vertical | B9: NOZ | C9: 73.08
A10: Peça L · sobra | B10: NOL | C10: 21.92
A11: Pé exposto | B11: PE | C11: 19.4
A12: Espessura do painel | B12: PANT | C12: 15
A13: Ripa consome | B13: CONSOME | C13: =2*C5 -> 81.2
