Workbook

Sheet Pecas
A1: Nitron Mob PDV — as peças (lista de 10/09/2026)
A2: 4 painéis com papel definido, 8 ripas (PIs existentes), 4 conectores. Custo unitário em amarelo é entrada; madeira a R$ 19.03/kg.
A4: Peça | B4: Código | C4: Medida (mm) | D4: Massa unit. (kg) | E4: Custo unit. (R$) | F4: Papel
A5: Painel 200×620 | B5: novo · pinus 15 | C5: 200 × 620 | D5: 1.0342 | E5: 19.6801 | F5: checkout
A6: Painel 305×620 | B6: novo · pinus 15 | C6: 305 × 620 | D6: 1.5771 | E6: 30.0121 | F6: parede / ponta — ajuste
A7: Painel 305×725 | B7: novo · pinus 15 | C7: 305 × 725 | D7: 1.8442 | E7: 35.0948 | F7: parede / ponta — padrão
A8: Painel 450×725 | B8: novo · pinus 15 | C8: 450 × 725 | D8: 2.7209 | E8: 51.7792 | F8: ilha
A9: Ripa largura 183 | B9: BAL01AC | C9: 183 | D9: 0.0414 | E9: 0.788 | F9: profundidade 268 (checkout)
A10: Ripa largura 287 | B10: BLA03AC | C10: 287 | D10: 0.0649 | E10: 1.2359 | F10: profundidade 372 (parede, ponta)
A11: Ripa largura 415 | B11: PSC02 | C11: 415 | D11: 0.0939 | E11: 1.787 | F11: profundidade 500 (ilha)
A12: Ripa comprimento 617 | B12: PST02 | C12: 617 | D12: 0.1396 | E12: 2.6569 | F12: vão de 620
A13: Ripa comprimento 717 | B13: PSC04 | C13: 717 | D13: 0.1622 | E13: 3.0875 | F13: vão de 725
A14: Ripa vertical 270 | B14: BAL02AC | C14: 270 | D14: 0.0611 | E14: 1.1626 | F14: baia de 247 livres
A15: Ripa vertical 346 | B15: PSA02 | C15: 346 | D15: 0.0783 | E15: 1.4899 | F15: baia de 323 livres — lixeira e cesto médios
A16: Ripa vertical 513 | B16: PSA05 | C16: 513 | D16: 0.1161 | E16: 2.209 | F16: baia de 490 livres — e a coroa da arara
A17: Pé | B17: sobra de ripa | C17: 60 | D17: 0.0136 | E17: 0.2584
A18: Trizeta | B18: PP · molde existe | C18: — | D18: 0.0443 | E18: 0.3875 | F18: canto de cada nível
A19: Cruzeta | B19: PP · 4 injetadas | C19: — | D19: 0.0566 | E19: 0.4951 | F19: zero neste plano: módulos de um vão
A20: Peça L | B20: PP · molde existe | C20: — | D20: 0.032 | E20: 0.3003 | F20: coroa da arara
A21: Tampa | B21: PP · molde existe | C21: — | D21: 0.0011 | E21: 0.0097 | F21: uma por poste

Sheet Modulos
A1: Os sete módulos do plano — todos de um vão, quatro postes próprios, zero cruzeta
A2: Contagem por módulo: trizeta 4 por nível de prateleira · tampa e pé 4 · painel 1 por prateleira · ripa de comprimento e de largura 2 por nível · ripa vertical 4 por baia. Coroa: 4 peças L no lugar das trizetas, +2 ripas de comprimento, sem ripa de largura e sem prateleira.
A4: Módulo | B4: Painel | C4: Ripa larg. | D4: Ripa compr. | E4: Pilha (de baixo p/ cima) | F4: Baias | G4: Coroa | H4: Prateleiras | I4: Comprimento (mm) | J4: Profundidade (mm) | K4: Altura (mm) | L4: Trizetas | M4: Peças L | N4: Tampas | O4: Painéis | P4: Ripas compr. | Q4: Ripas larg. | R4: Ripas 270 | S4: Ripas 346 | T4: Ripas 513 | U4: Pés | V4: Massa (kg) | W4: Custo material (R$) | X4: Uso
A5: parede-725 | B5: 305×725 | C5: 287 | D5: 717 | E5: 270·270·270·270·270·270 | F5: 6 | G5: 0 | H5: =F5+1 -> 7 | I5: 759 | J5: 372.3 | K5: 1663.8 | L5: =4*H5 -> 28 | M5: =IF(G5>0,4,0) -> 0 | N5: 4 | O5: =H5 -> 7 | P5: =2*(H5+IF(G5>0,1,0)) -> 14 | Q5: =2*H5 -> 14 | R5: =4*6 -> 24 | S5: =4*0 -> 0 | T5: =4*0 -> 0 | U5: 4 | V5: =L5*Pecas!$D$18+M5*Pecas!$D$20+N5*Pecas!$D$21+O5*Pecas!$D$7+P5*Pecas!$D$13+Q5*Pecas!$D$10+R5*Pecas!$D$14+S5*Pecas!$D$15+T5*Pecas!$D$16+U5*Pecas!$D$17 -> 18.8544 | W5: =L5*Pecas!$E$18+M5*Pecas!$E$20+N5*Pecas!$E$21+O5*Pecas!$E$7+P5*Pecas!$E$13+Q5*Pecas!$E$10+R5*Pecas!$E$14+S5*Pecas!$E$15+T5*Pecas!$E$16+U5*Pecas!$E$17 -> 346.016 | X5: Parede · sul, norte, entrada · 7 prateleiras, duas na zona dos olhos
A6: parede-620 | B6: 305×620 | C6: 287 | D6: 617 | E6: 270·270·270·270·270·270 | F6: 6 | G6: 0 | H6: =F6+1 -> 7 | I6: 659 | J6: 372.3 | K6: 1663.8 | L6: =4*H6 -> 28 | M6: =IF(G6>0,4,0) -> 0 | N6: 4 | O6: =H6 -> 7 | P6: =2*(H6+IF(G6>0,1,0)) -> 14 | Q6: =2*H6 -> 14 | R6: =4*6 -> 24 | S6: =4*0 -> 0 | T6: =4*0 -> 0 | U6: 4 | V6: =L6*Pecas!$D$18+M6*Pecas!$D$20+N6*Pecas!$D$21+O6*Pecas!$D$6+P6*Pecas!$D$12+Q6*Pecas!$D$10+R6*Pecas!$D$14+S6*Pecas!$D$15+T6*Pecas!$D$16+U6*Pecas!$D$17 -> 16.6683 | W6: =L6*Pecas!$E$18+M6*Pecas!$E$20+N6*Pecas!$E$21+O6*Pecas!$E$6+P6*Pecas!$E$12+Q6*Pecas!$E$10+R6*Pecas!$E$14+S6*Pecas!$E$15+T6*Pecas!$E$16+U6*Pecas!$E$17 -> 304.4087 | X6: Parede · ajuste de canto do sul
A7: parede-fundo | B7: 305×725 | C7: 287 | D7: 717 | E7: 513·346·346·270 | F7: 4 | G7: 0 | H7: =F7+1 -> 5 | I7: 759 | J7: 372.3 | K7: 1535 | L7: =4*H7 -> 20 | M7: =IF(G7>0,4,0) -> 0 | N7: 4 | O7: =H7 -> 5 | P7: =2*(H7+IF(G7>0,1,0)) -> 10 | Q7: =2*H7 -> 10 | R7: =4*1 -> 4 | S7: =4*2 -> 8 | T7: =4*1 -> 4 | U7: 4 | V7: =L7*Pecas!$D$18+M7*Pecas!$D$20+N7*Pecas!$D$21+O7*Pecas!$D$7+P7*Pecas!$D$13+Q7*Pecas!$D$10+R7*Pecas!$D$14+S7*Pecas!$D$15+T7*Pecas!$D$16+U7*Pecas!$D$17 -> 13.772 | W7: =L7*Pecas!$E$18+M7*Pecas!$E$20+N7*Pecas!$E$21+O7*Pecas!$E$7+P7*Pecas!$E$13+Q7*Pecas!$E$10+R7*Pecas!$E$14+S7*Pecas!$E$15+T7*Pecas!$E$16+U7*Pecas!$E$17 -> 252.936 | X7: Parede do fundo · lixeira na baia de 490 e nas duas de 323; olhos a 1.542
A8: ponta | B8: 305×725 | C8: 287 | D8: 717 | E8: 346·346·270 | F8: 3 | G8: 0 | H8: =F8+1 -> 4 | I8: 759 | J8: 372.3 | K8: 1030.1 | L8: =4*H8 -> 16 | M8: =IF(G8>0,4,0) -> 0 | N8: 4 | O8: =H8 -> 4 | P8: =2*(H8+IF(G8>0,1,0)) -> 8 | Q8: =2*H8 -> 8 | R8: =4*1 -> 4 | S8: =4*2 -> 8 | T8: =4*0 -> 0 | U8: 4 | V8: =L8*Pecas!$D$18+M8*Pecas!$D$20+N8*Pecas!$D$21+O8*Pecas!$D$7+P8*Pecas!$D$13+Q8*Pecas!$D$10+R8*Pecas!$D$14+S8*Pecas!$D$15+T8*Pecas!$D$16+U8*Pecas!$D$17 -> 10.832 | W8: =L8*Pecas!$E$18+M8*Pecas!$E$20+N8*Pecas!$E$21+O8*Pecas!$E$7+P8*Pecas!$E$13+Q8*Pecas!$E$10+R8*Pecas!$E$14+S8*Pecas!$E$15+T8*Pecas!$E$16+U8*Pecas!$E$17 -> 198.8084 | X8: Ponta de gôndola · cabeceira das ilhas, 4 prateleiras, baias de 323
A9: ilha | B9: 450×725 | C9: 415 | D9: 717 | E9: 513·346 | F9: 2 | G9: 0 | H9: =F9+1 -> 3 | I9: 759 | J9: 500.3 | K9: 935.2 | L9: =4*H9 -> 12 | M9: =IF(G9>0,4,0) -> 0 | N9: 4 | O9: =H9 -> 3 | P9: =2*(H9+IF(G9>0,1,0)) -> 6 | Q9: =2*H9 -> 6 | R9: =4*0 -> 0 | S9: =4*1 -> 4 | T9: =4*1 -> 4 | U9: 4 | V9: =L9*Pecas!$D$18+M9*Pecas!$D$20+N9*Pecas!$D$21+O9*Pecas!$D$8+P9*Pecas!$D$13+Q9*Pecas!$D$11+R9*Pecas!$D$14+S9*Pecas!$D$15+T9*Pecas!$D$16+U9*Pecas!$D$17 -> 11.0673 | W9: =L9*Pecas!$E$18+M9*Pecas!$E$20+N9*Pecas!$E$21+O9*Pecas!$E$8+P9*Pecas!$E$13+Q9*Pecas!$E$11+R9*Pecas!$E$14+S9*Pecas!$E$15+T9*Pecas!$E$16+U9*Pecas!$E$17 -> 205.1026 | X9: Ilha · 500 de profundidade, topo aberto para produto alto; 2 × 2 costa a costa
A10: checkout | B10: 200×620 | C10: 183 | D10: 617 | E10: 270·270·270 | F10: 3 | G10: 0 | H10: =F10+1 -> 4 | I10: 659 | J10: 268.3 | K10: 878.1 | L10: =4*H10 -> 16 | M10: =IF(G10>0,4,0) -> 0 | N10: 4 | O10: =H10 -> 4 | P10: =2*(H10+IF(G10>0,1,0)) -> 8 | Q10: =2*H10 -> 8 | R10: =4*3 -> 12 | S10: =4*0 -> 0 | T10: =4*0 -> 0 | U10: 4 | V10: =L10*Pecas!$D$18+M10*Pecas!$D$20+N10*Pecas!$D$21+O10*Pecas!$D$5+P10*Pecas!$D$12+Q10*Pecas!$D$9+R10*Pecas!$D$14+S10*Pecas!$D$15+T10*Pecas!$D$16+U10*Pecas!$D$17 -> 7.0856 | W10: =L10*Pecas!$E$18+M10*Pecas!$E$20+N10*Pecas!$E$21+O10*Pecas!$E$5+P10*Pecas!$E$12+Q10*Pecas!$E$9+R10*Pecas!$E$14+S10*Pecas!$E$15+T10*Pecas!$E$16+U10*Pecas!$E$17 -> 127.5032 | X10: Checkout · 268 de profundidade, 4 prateleiras, segundo facing dos campeões
A11: arara | B11: 305×725 | C11: 287 | D11: 717 | E11: 513·513 + coroa 513 | F11: 2 | G11: 513 | H11: =F11+1 -> 3 | I11: 759 | J11: 372.3 | K11: 1607.1 | L11: =4*H11 -> 12 | M11: =IF(G11>0,4,0) -> 4 | N11: 4 | O11: =H11 -> 3 | P11: =2*(H11+IF(G11>0,1,0)) -> 8 | Q11: =2*H11 -> 6 | R11: =4*0 -> 0 | S11: =4*0 -> 0 | T11: =4*3 -> 12 | U11: 4 | V11: =L11*Pecas!$D$18+M11*Pecas!$D$20+N11*Pecas!$D$21+O11*Pecas!$D$7+P11*Pecas!$D$13+Q11*Pecas!$D$10+R11*Pecas!$D$14+S11*Pecas!$D$15+T11*Pecas!$D$16+U11*Pecas!$D$17 -> 9.3312 | W11: =L11*Pecas!$E$18+M11*Pecas!$E$20+N11*Pecas!$E$21+O11*Pecas!$E$7+P11*Pecas!$E$13+Q11*Pecas!$E$10+R11*Pecas!$E$14+S11*Pecas!$E$15+T11*Pecas!$E$16+U11*Pecas!$E$17 -> 170.8314 | X11: Arara Nitron-Mob · vitrine da entrada; peça L como coroa

Sheet Showroom
A1: O showroom com as peças novas — onde vai cada módulo e quanto
A2: Quantidades em azul são a proposta; troque e o resto recalcula. Paredes: 14 × 759 + 4 × 659 no sul (folga 88), 8 × 759 no norte (28), 9 × 759 no fundo (42). Entrada: 3 módulos + vitrine.
A4: Onde | B4: Módulo | C4: Qtd | D4: Comprimento montado (mm) | E4: Custo (R$) | F4: Massa (kg) | G4: Frente (m)
A5: Paredão sul · cozinha | B5: parede-725 | C5: 14 | D5: =C5*INDEX(Modulos!$I$5:$I$11,MATCH($B5,Modulos!$A$5:$A$11,0)) -> 10626 | E5: =C5*INDEX(Modulos!$W$5:$W$11,MATCH($B5,Modulos!$A$5:$A$11,0)) -> 4844.224 | F5: =C5*INDEX(Modulos!$V$5:$V$11,MATCH($B5,Modulos!$A$5:$A$11,0)) -> 263.9616 | G5: =C5*INDEX(Modulos!$I$5:$I$11,MATCH($B5,Modulos!$A$5:$A$11,0))*INDEX(Modulos!$H$5:$H$11,MATCH($B5,Modulos!$A$5:$A$11,0))/1000 -> 74.382
A6: Paredão sul · ajuste de canto | B6: parede-620 | C6: 4 | D6: =C6*INDEX(Modulos!$I$5:$I$11,MATCH($B6,Modulos!$A$5:$A$11,0)) -> 2636 | E6: =C6*INDEX(Modulos!$W$5:$W$11,MATCH($B6,Modulos!$A$5:$A$11,0)) -> 1217.6348 | F6: =C6*INDEX(Modulos!$V$5:$V$11,MATCH($B6,Modulos!$A$5:$A$11,0)) -> 66.6732 | G6: =C6*INDEX(Modulos!$I$5:$I$11,MATCH($B6,Modulos!$A$5:$A$11,0))*INDEX(Modulos!$H$5:$H$11,MATCH($B6,Modulos!$A$5:$A$11,0))/1000 -> 18.452
A7: Paredão norte · organização | B7: parede-725 | C7: 8 | D7: =C7*INDEX(Modulos!$I$5:$I$11,MATCH($B7,Modulos!$A$5:$A$11,0)) -> 6072 | E7: =C7*INDEX(Modulos!$W$5:$W$11,MATCH($B7,Modulos!$A$5:$A$11,0)) -> 2768.128 | F7: =C7*INDEX(Modulos!$V$5:$V$11,MATCH($B7,Modulos!$A$5:$A$11,0)) -> 150.8352 | G7: =C7*INDEX(Modulos!$I$5:$I$11,MATCH($B7,Modulos!$A$5:$A$11,0))*INDEX(Modulos!$H$5:$H$11,MATCH($B7,Modulos!$A$5:$A$11,0))/1000 -> 42.504
A8: Paredão do fundo · banho e lavanderia | B8: parede-fundo | C8: 9 | D8: =C8*INDEX(Modulos!$I$5:$I$11,MATCH($B8,Modulos!$A$5:$A$11,0)) -> 6831 | E8: =C8*INDEX(Modulos!$W$5:$W$11,MATCH($B8,Modulos!$A$5:$A$11,0)) -> 2276.424 | F8: =C8*INDEX(Modulos!$V$5:$V$11,MATCH($B8,Modulos!$A$5:$A$11,0)) -> 123.948 | G8: =C8*INDEX(Modulos!$I$5:$I$11,MATCH($B8,Modulos!$A$5:$A$11,0))*INDEX(Modulos!$H$5:$H$11,MATCH($B8,Modulos!$A$5:$A$11,0))/1000 -> 34.155
A9: Parede de entrada · frasqueiras e infantil | B9: parede-725 | C9: 3 | D9: =C9*INDEX(Modulos!$I$5:$I$11,MATCH($B9,Modulos!$A$5:$A$11,0)) -> 2277 | E9: =C9*INDEX(Modulos!$W$5:$W$11,MATCH($B9,Modulos!$A$5:$A$11,0)) -> 1038.048 | F9: =C9*INDEX(Modulos!$V$5:$V$11,MATCH($B9,Modulos!$A$5:$A$11,0)) -> 56.5632 | G9: =C9*INDEX(Modulos!$I$5:$I$11,MATCH($B9,Modulos!$A$5:$A$11,0))*INDEX(Modulos!$H$5:$H$11,MATCH($B9,Modulos!$A$5:$A$11,0))/1000 -> 15.939
A10: Vitrine da entrada · araras Nitron-Mob | B10: arara | C10: 2 | D10: =C10*INDEX(Modulos!$I$5:$I$11,MATCH($B10,Modulos!$A$5:$A$11,0)) -> 1518 | E10: =C10*INDEX(Modulos!$W$5:$W$11,MATCH($B10,Modulos!$A$5:$A$11,0)) -> 341.6628 | F10: =C10*INDEX(Modulos!$V$5:$V$11,MATCH($B10,Modulos!$A$5:$A$11,0)) -> 18.6624 | G10: =C10*INDEX(Modulos!$I$5:$I$11,MATCH($B10,Modulos!$A$5:$A$11,0))*INDEX(Modulos!$H$5:$H$11,MATCH($B10,Modulos!$A$5:$A$11,0))/1000 -> 4.554
A11: Ilhas · 2 ilhas de 2 × 2 | B11: ilha | C11: 8 | D11: =C11*INDEX(Modulos!$I$5:$I$11,MATCH($B11,Modulos!$A$5:$A$11,0)) -> 6072 | E11: =C11*INDEX(Modulos!$W$5:$W$11,MATCH($B11,Modulos!$A$5:$A$11,0)) -> 1640.8208 | F11: =C11*INDEX(Modulos!$V$5:$V$11,MATCH($B11,Modulos!$A$5:$A$11,0)) -> 88.5384 | G11: =C11*INDEX(Modulos!$I$5:$I$11,MATCH($B11,Modulos!$A$5:$A$11,0))*INDEX(Modulos!$H$5:$H$11,MATCH($B11,Modulos!$A$5:$A$11,0))/1000 -> 18.216
A12: Pontas de gôndola · 2 por ilha | B12: ponta | C12: 4 | D12: =C12*INDEX(Modulos!$I$5:$I$11,MATCH($B12,Modulos!$A$5:$A$11,0)) -> 3036 | E12: =C12*INDEX(Modulos!$W$5:$W$11,MATCH($B12,Modulos!$A$5:$A$11,0)) -> 795.2336 | F12: =C12*INDEX(Modulos!$V$5:$V$11,MATCH($B12,Modulos!$A$5:$A$11,0)) -> 43.328 | G12: =C12*INDEX(Modulos!$I$5:$I$11,MATCH($B12,Modulos!$A$5:$A$11,0))*INDEX(Modulos!$H$5:$H$11,MATCH($B12,Modulos!$A$5:$A$11,0))/1000 -> 12.144
A13: Corredor de checkout · 2 lados × 3 | B13: checkout | C13: 6 | D13: =C13*INDEX(Modulos!$I$5:$I$11,MATCH($B13,Modulos!$A$5:$A$11,0)) -> 3954 | E13: =C13*INDEX(Modulos!$W$5:$W$11,MATCH($B13,Modulos!$A$5:$A$11,0)) -> 765.0192 | F13: =C13*INDEX(Modulos!$V$5:$V$11,MATCH($B13,Modulos!$A$5:$A$11,0)) -> 42.5136 | G13: =C13*INDEX(Modulos!$I$5:$I$11,MATCH($B13,Modulos!$A$5:$A$11,0))*INDEX(Modulos!$H$5:$H$11,MATCH($B13,Modulos!$A$5:$A$11,0))/1000 -> 15.816
A14: TOTAL | C14: =SUM(C5:C13) -> 58 | E14: =SUM(E5:E13) -> 15687.195 | F14: =SUM(F5:F13) -> 855.0236 | G14: =SUM(G5:G13) -> 236.162

Sheet Compras
A1: Lista de compras — painéis, ripas e conectores para o showroom inteiro
A2: Cada linha soma quantidade × módulos da aba Showroom. É a resposta do plano: quantos painéis de cada, quantas ripas de largura, comprimento e altura.
A4: Peça | B4: Quantidade | C4: Massa (kg) | D4: Custo (R$) | E4: Onde entra
A5: Painel 200×620 | B5: =SUMPRODUCT(Showroom!$C$5:$C$13,IFERROR(INDEX(Modulos!$O$5:$O$11,MATCH(Showroom!$B$5:$B$13,Modulos!$A$5:$A$11,0)),0),--(IFERROR(INDEX(Modulos!$B$5:$B$11,MATCH(Showroom!$B$5:$B$13,Modulos!$A$5:$A$11,0)),"")="200×620")) -> 24 | C5: =B5*Pecas!$D$5 -> 24.8208 | D5: =B5*Pecas!$E$5 -> 472.3224 | E5: checkout
A6: Painel 305×620 | B6: =SUMPRODUCT(Showroom!$C$5:$C$13,IFERROR(INDEX(Modulos!$O$5:$O$11,MATCH(Showroom!$B$5:$B$13,Modulos!$A$5:$A$11,0)),0),--(IFERROR(INDEX(Modulos!$B$5:$B$11,MATCH(Showroom!$B$5:$B$13,Modulos!$A$5:$A$11,0)),"")="305×620")) -> 28 | C6: =B6*Pecas!$D$6 -> 44.1588 | D6: =B6*Pecas!$E$6 -> 840.3388 | E6: ajuste de canto do sul
A7: Painel 305×725 | B7: =SUMPRODUCT(Showroom!$C$5:$C$13,IFERROR(INDEX(Modulos!$O$5:$O$11,MATCH(Showroom!$B$5:$B$13,Modulos!$A$5:$A$11,0)),0),--(IFERROR(INDEX(Modulos!$B$5:$B$11,MATCH(Showroom!$B$5:$B$13,Modulos!$A$5:$A$11,0)),"")="305×725")) -> 242 | C7: =B7*Pecas!$D$7 -> 446.2964 | D7: =B7*Pecas!$E$7 -> 8492.9416 | E7: paredes, pontas, araras
A8: Painel 450×725 | B8: =SUMPRODUCT(Showroom!$C$5:$C$13,IFERROR(INDEX(Modulos!$O$5:$O$11,MATCH(Showroom!$B$5:$B$13,Modulos!$A$5:$A$11,0)),0),--(IFERROR(INDEX(Modulos!$B$5:$B$11,MATCH(Showroom!$B$5:$B$13,Modulos!$A$5:$A$11,0)),"")="450×725")) -> 24 | C8: =B8*Pecas!$D$8 -> 65.3016 | D8: =B8*Pecas!$E$8 -> 1242.7008 | E8: ilhas
A9: Ripa largura 183 | B9: =SUMPRODUCT(Showroom!$C$5:$C$13,IFERROR(INDEX(Modulos!$Q$5:$Q$11,MATCH(Showroom!$B$5:$B$13,Modulos!$A$5:$A$11,0)),0),--(IFERROR(INDEX(Modulos!$C$5:$C$11,MATCH(Showroom!$B$5:$B$13,Modulos!$A$5:$A$11,0)),0)=183)) -> 48 | C9: =B9*Pecas!$D$9 -> 1.9872 | D9: =B9*Pecas!$E$9 -> 37.824 | E9: checkout
A10: Ripa largura 287 | B10: =SUMPRODUCT(Showroom!$C$5:$C$13,IFERROR(INDEX(Modulos!$Q$5:$Q$11,MATCH(Showroom!$B$5:$B$13,Modulos!$A$5:$A$11,0)),0),--(IFERROR(INDEX(Modulos!$C$5:$C$11,MATCH(Showroom!$B$5:$B$13,Modulos!$A$5:$A$11,0)),0)=287)) -> 540 | C10: =B10*Pecas!$D$10 -> 35.046 | D10: =B10*Pecas!$E$10 -> 667.386 | E10: paredes, pontas, araras
A11: Ripa largura 415 | B11: =SUMPRODUCT(Showroom!$C$5:$C$13,IFERROR(INDEX(Modulos!$Q$5:$Q$11,MATCH(Showroom!$B$5:$B$13,Modulos!$A$5:$A$11,0)),0),--(IFERROR(INDEX(Modulos!$C$5:$C$11,MATCH(Showroom!$B$5:$B$13,Modulos!$A$5:$A$11,0)),0)=415)) -> 48 | C11: =B11*Pecas!$D$11 -> 4.5072 | D11: =B11*Pecas!$E$11 -> 85.776 | E11: ilhas
A12: Ripa comprimento 617 | B12: =SUMPRODUCT(Showroom!$C$5:$C$13,IFERROR(INDEX(Modulos!$P$5:$P$11,MATCH(Showroom!$B$5:$B$13,Modulos!$A$5:$A$11,0)),0),--(IFERROR(INDEX(Modulos!$D$5:$D$11,MATCH(Showroom!$B$5:$B$13,Modulos!$A$5:$A$11,0)),0)=617)) -> 104 | C12: =B12*Pecas!$D$12 -> 14.5184 | D12: =B12*Pecas!$E$12 -> 276.3176 | E12: checkout e ajuste
A13: Ripa comprimento 717 | B13: =SUMPRODUCT(Showroom!$C$5:$C$13,IFERROR(INDEX(Modulos!$P$5:$P$11,MATCH(Showroom!$B$5:$B$13,Modulos!$A$5:$A$11,0)),0),--(IFERROR(INDEX(Modulos!$D$5:$D$11,MATCH(Showroom!$B$5:$B$13,Modulos!$A$5:$A$11,0)),0)=717)) -> 536 | C13: =B13*Pecas!$D$13 -> 86.9392 | D13: =B13*Pecas!$E$13 -> 1654.9 | E13: todo o resto
A14: Ripa vertical 270 | B14: =SUMPRODUCT(Showroom!$C$5:$C$13,IFERROR(INDEX(Modulos!$R$5:$R$11,MATCH(Showroom!$B$5:$B$13,Modulos!$A$5:$A$11,0)),0)) -> 820 | C14: =B14*Pecas!$D$14 -> 50.102 | D14: =B14*Pecas!$E$14 -> 953.332 | E14: baias de 247
A15: Ripa vertical 346 | B15: =SUMPRODUCT(Showroom!$C$5:$C$13,IFERROR(INDEX(Modulos!$S$5:$S$11,MATCH(Showroom!$B$5:$B$13,Modulos!$A$5:$A$11,0)),0)) -> 136 | C15: =B15*Pecas!$D$15 -> 10.6488 | D15: =B15*Pecas!$E$15 -> 202.6264 | E15: fundo, pontas, ilhas
A16: Ripa vertical 513 | B16: =SUMPRODUCT(Showroom!$C$5:$C$13,IFERROR(INDEX(Modulos!$T$5:$T$11,MATCH(Showroom!$B$5:$B$13,Modulos!$A$5:$A$11,0)),0)) -> 92 | C16: =B16*Pecas!$D$16 -> 10.6812 | D16: =B16*Pecas!$E$16 -> 203.228 | E16: fundo, ilhas, araras
A17: Pé | B17: =SUMPRODUCT(Showroom!$C$5:$C$13,IFERROR(INDEX(Modulos!$U$5:$U$11,MATCH(Showroom!$B$5:$B$13,Modulos!$A$5:$A$11,0)),0)) -> 232 | C17: =B17*Pecas!$D$17 -> 3.1552 | D17: =B17*Pecas!$E$17 -> 59.9488
A18: Trizeta | B18: =SUMPRODUCT(Showroom!$C$5:$C$13,IFERROR(INDEX(Modulos!$L$5:$L$11,MATCH(Showroom!$B$5:$B$13,Modulos!$A$5:$A$11,0)),0)) -> 1272 | C18: =B18*Pecas!$D$18 -> 56.3496 | D18: =B18*Pecas!$E$18 -> 492.9 | E18: 4 por nível
A19: Peça L | B19: =SUMPRODUCT(Showroom!$C$5:$C$13,IFERROR(INDEX(Modulos!$M$5:$M$11,MATCH(Showroom!$B$5:$B$13,Modulos!$A$5:$A$11,0)),0)) -> 8 | C19: =B19*Pecas!$D$20 -> 0.256 | D19: =B19*Pecas!$E$20 -> 2.4024 | E19: araras
A20: Tampa | B20: =SUMPRODUCT(Showroom!$C$5:$C$13,IFERROR(INDEX(Modulos!$N$5:$N$11,MATCH(Showroom!$B$5:$B$13,Modulos!$A$5:$A$11,0)),0)) -> 232 | C20: =B20*Pecas!$D$21 -> 0.2552 | D20: =B20*Pecas!$E$21 -> 2.2504
A21: Cruzeta | B21: =0 -> 0 | C21: =B21*Pecas!$D$19 -> 0 | D21: =B21*Pecas!$E$19 -> 0 | E21: nenhuma
A22: TOTAL material | C22: =SUM(C5:C21) -> 855.0236 | D22: =SUM(D5:D21) -> 15687.195
A24: Ancoragem: 1 ponto por módulo de parede (bucha S8 + parafuso 5×50 + arruela) e união poste a poste em 2 níveis entre vizinhos. Custo só de material; sem corte, montagem, embalagem e frete. Painel de fundo não contado (a parede do prédio é o fundo).
